Species	Genome
Abramis_brama	2
Abraxas_sylvata	1
Abrostola_tripartita	2
Abrostola_triplasia	2
Acanthaster_planci	1
Acanthopagrus_latus	1
Acanthopleura_granulata	1
Acanthosoma_haemorrhoidale	1
Accipiter_gentilis	2
Acentria_ephemerella	2
Acer_campestre	1
Achatina_immaculata	1
Achlya_flavicornis	1
Acipenser_ruthenus	2
Acleris_cristana	1
Acleris_emargana	3
Acleris_laterana	1
Acleris_literana	2
Acleris_sparsana	2
Acomys_cahirinus	2
Acomys_dimidiatus	1
Acomys_kempi	1
Acomys_minous	1
Acomys_percivali	1
Acomys_russatus	1
Acridotheres_tristis	1
Acrobasis_consociella	1
Acrobasis_repandana	1
Acrobasis_suavella	2
Acrocera_orbiculus	1
Acromyrmex_echinatior	1
Acronicta_aceris	2
Acronicta_leporina	1
Acronicta_psi	2
Acropora_acuminata	1
Acropora_cytherea	1
Acropora_digitifera	1
Acropora_echinata	1
Acropora_florida	1
Acropora_gemmifera	1
Acropora_hyacinthus	1
Acropora_intermedia	1
Acropora_microphthalma	1
Acropora_millepora	2
Acropora_muricata	1
Acropora_nasuta	1
Acropora_palmata	1
Acropora_selago	1
Acropora_spathulata	1
Acropora_tenuis	1
Acropora_yongei	1
Acrossocheilus_fasciatus	1
Acrossocheilus_wenchowensis	1
Actinia_equina	1
Actinia_tenebrosa	2
Acyrthosiphon_pisum	2
Adalia_bipunctata	2
Adalia_decempunctata	1
Adelges_cooleyi	1
Adelges_tsugae	1
Adineta_vaga	1
Aedes_aegypti	1
Aegilops_tauschii_subsp_strangulata	1
Aelia_acuminata	1
Aethina_tumida	3
Agapetus_fuscipes	1
Agaricus_bisporus	1
Agelaius_phoeniceus	1
Agelas_oroides	1
Agelastica_alni	1
Agonopterix_subpropinquella	2
Agrilus_biguttatus	1
Agrilus_planipennis	1
Agriopis_aurantiaria	2
Agriopis_leucophaearia	2
Agriopis_marginaria	2
Agriotes_lineatus	1
Agriphila_geniculea	4
Agriphila_inquinatella	1
Agriphila_straminella	2
Agriphila_tristella	2
Agrochola_circellaris	2
Agrochola_litura	1
Agrochola_lota	2
Agrochola_macilenta	2
Agrostemma_githago	1
Agrotis_clavis	1
Agrotis_exclamationis	1
Agrotis_puta	4
Agrypnus_murinus	2
Ailanthus_altissimus	1
Ailuropoda_melanoleuca	1
Ajuga_chamaepitys	1
Albula_goreensis	1
Alcis_repandata	1
Alectoris_chukar	1
Alectoris_magna	1
Aleiodes_testaceus	1
Alentia_gelatinosa	1
Aleochara_curtula	1
Alligator_mississippiensis	1
Allophyes_oxyacanthae	2
Alnus_glutinosa	1
Alosa_alosa	1
Alosa_sapidissima	1
Alouatta_palliata	1
Alsophila_aescularia	2
Altica_lythri	1
Alucita_hexadactyla	1
Alviniconcha_marisindica	1
Amblyjoppa_fuscipennis	1
Amblyjoppa_proteus	1
Amblyraja_radiata	1
Amblyteles_armatorius	2
Ameiurus_melas	1
Ametastegia_equiseti	1
Ammodytes_marinus	1
Amorpha_juglandis	2
Amphibalanus_amphitrite	1
Amphiduros_pacificus	1
Amphilophus_citrinellus	1
Amphimallon_solstitiale	1
Amphimedon_queenslandica	2
Amphipoea_lucens	2
Amphipoea_oculea	1
Amphiprion_clarkii	1
Amphiprion_ocellaris	1
Amphiprion_percula	1
Amphipyra_berbera	3
Amphipyra_tragopoginis	2
Ampullaceana_balthica	1
Amyelois_transitella	1
Anabas_testudineus	3
Anableps_anableps	1
Ananas_comosus	1
Anania_crocealis	1
Anania_fuscalis	1
Anania_hortulata	1
Anarsia_innoxiella	1
Anas_acuta	1
Anas_platyrhynchos	4
Anas_zonorhyncha	1
Anaspis_maculata	1
Anastrepha_ludens	1
Anastrepha_obliqua	1
Ancistrocerus_nigricornis	2
Andrena_bucephala	1
Andrena_chrysosceles	1
Andrena_dorsata	2
Andrena_flavipes	1
Andrena_fulva	1
Andrena_haemorrhoa	2
Andrena_hattorfiana	2
Andrena_marginata	1
Andrena_minutula	2
Andrena_praecox	1
Andrena_trimmerana	3
Anguilla_anguilla	1
Anguilla_japonica	1
Anguilla_rostrata	2
Anisus_vortex	1
Anisus_vorticulus	1
Anneissia_japonica	1
Anodontia_alba	1
Anolis_carolinensis	1
Anomoia_purmunda	1
Anopheles_aquasalis	1
Anopheles_atroparvus	1
Anopheles_bellator	1
Anopheles_coluzzii	1
Anopheles_coustani	1
Anopheles_cruzii	1
Anopheles_darlingi	1
Anopheles_funestus	1
Anopheles_gambiae	2
Anopheles_maculipalpis	1
Anopheles_marshallii	1
Anopheles_nili	1
Anopheles_ziemanni	1
Anoplius_nigerrimus	3
Anoplophora_glabripennis	1
Anorthoa_munda	2
Anser_brachyrhynchus	1
Anser_cygnoides_domesticus	1
Anser_indicus	1
Antedon_bifida	1
Anthocharis_cardamines	2
Anthonomus_grandis_grandis	3
Anthophora_plumipes	1
Anthopleura_xanthogrammica	1
Anthrax_anthrax	1
Anticlea_derivata	1
Antilocapra_americana	1
Antitype_chi	2
Apamea_anceps	1
Apamea_crenata	2
Apamea_epomidion	2
Apamea_monoglypha	2
Apamea_sordens	2
Apeira_syringaria	2
Apeltes_quadracus	1
Aphidecta_obliterata	1
Aphidius_gifuensis	1
Aphis_gossypii	1
Aphrophora_alni	1
Apis_dorsata	1
Apis_florea	1
Apis_mellifera	1
Aplocera_efformata	2
Aplysia_californica	1
Aplysina_aerophoba	1
Apocheima_hispidaria	2
Apoda_limacodes	1
Apodemus_agrarius	1
Apoderus_coryli	1
Apomyelois_bistriatella	1
Aporia_crataegi	3
Aporophyla_lueneburgensis	2
Aporophyla_nigra	1
Apotomis_betuletana	2
Apotomis_capreana	2
Apotomis_turbidana	2
Aproaerema_taeniolella	1
Aptenodytes_patagonicus	1
Apteryx_rowi	1
Apus_apus	1
Aquila_chrysaetos_chrysaetos	2
Arabidopsis_thaliana	1
Arachis_hypogaea	1
Arca_noae	1
Archilochus_colubris	1
Archips_crataeganus	1
Archips_xylosteana	1
Archocentrus_centrarchus	1
Arctium_minus	1
Arcuatula_senhousia	1
Arenicola_marina	1
Argentina_silus	1
Argyra_leucocephala	1
Argyresthia_goedartella	2
Argyrosomus_regius	1
Aricia_agestis	3
Aricia_artaxerxes	2
Ariolimax_columbianus	1
Arion_vulgaris	1
Armillaria_ostoyae	1
Artibeus_jamaicensis	2
Arvicanthis_niloticus	1
Arvicola_amphibius	2
Ascaris_suum	1
Asparagus_officinalis	1
Aspergillus_nidulans_FGSC_A4	1
Astatotilapia_calliptera	2
Asterias_rubens	2
Asteroscopus_sphinx	1
Astreopora_myriophthalma	1
Astyanax_mexicanus	6
Ateles_geoffroyi	1
Atethmia_centrago	2
Athalia_rosae	3
Athrips_mouffetella	1
Athripsodes_cinereus	1
Atrina_japonica	1
Atta_cephalotes	1
Aurelia_sp_4_Dawson_et_al_2005	1
Autographa_gamma	2
Autographa_pulchrina	2
Avena_sativa	1
Aythya_baeri	1
Aythya_fuligula	1
Aythya_marila	1
Babylonia_areolata	1
Baccha_elongata	2
Bactrocera_dorsalis	2
Bactrocera_latifrons	1
Bactrocera_neohumeralis	1
Bactrocera_tryoni	1
Balaenoptera_musculus	2
Balaenoptera_ricei	1
Balanococcus_diminutus	1
Ballota_nigra	1
Barbarea_vulgaris	1
Barypeithes_pellucidus	1
Bathymodiolus_brooksi	1
Bathymodiolus_septemdierum	1
Batillaria_attramentaria	1
Beaufortia_kweichowensis	1
Bedellia_somnulentella	1
Bellardia_bayeri	1
Bellardia_pandia	2
Bembecia_ichneumoniformis	3
Bemisia_tabaci	2
Berberis_vulgaris	1
Beris_chalybata	2
Beris_morrisii	1
Betta_splendens	3
Bibio_marci	3
Bicyclus_anynana	2
Biomphalaria_glabrata	2
Biomphalaria_pfeifferi	1
Biomphalaria_straminea	1
Biomphalaria_sudanica	1
Biston_betularia	3
Biston_stratarius	2
Blastobasis_adustella	2
Blastobasis_lacticolella	2
Blastomussa_wellsi	1
Blera_fallax	1
Boloria_euphrosyne	1
Boloria_selene	2
Bombus_affinis	1
Bombus_bifarius	1
Bombus_breviceps	1
Bombus_campestris	3
Bombus_confusus	1
Bombus_consobrinus	1
Bombus_cullumanus	1
Bombus_difficillimus	1
Bombus_haemorrhoidalis	1
Bombus_hortorum	1
Bombus_huntii	2
Bombus_hypnorum	2
Bombus_ignitus	1
Bombus_impatiens	1
Bombus_muscorum	1
Bombus_opulentus	1
Bombus_pascuorum	2
Bombus_picipes	1
Bombus_polaris	1
Bombus_pratorum	2
Bombus_pyrosoma	1
Bombus_sibiricus	1
Bombus_skorikovi	1
Bombus_soroeensis	1
Bombus_superbus	1
Bombus_sylvestris	2
Bombus_terrestris	5
Bombus_turneri	1
Bombus_vancouverensis_nearcticus	2
Bombus_vestalis	1
Bombus_vosnesenskii	1
Bombus_waltoni	1
Bombylius_discolor	2
Bombylius_major	2
Bombyx_mandarina	1
Bombyx_mori	2
Bos_gaurus	1
Bos_mutus	1
Bos_taurus	5
Brachylomia_viminalis	3
Brachymystax_lenok_tsinlingensis	2
Brachyopa_scutellaris	1
Brachypalpus_laphriformis	1
Brachypodium_distachyon	1
Brachyptera_putata	1
Brachyptera_risi	1
Brachypterus_glaber	1
Branchiostoma_lanceolatum	1
Brassica_napus	1
Brassica_oleracea_var_oleracea	1
Brassica_rapa	1
Brassica_rapa_subsp_trilocularis	1
Brassicogethes_aeneus	1
Brenthis_ino	1
Brienomyrus_brachyistius	1
Bromus_sterilis	1
Bruchidius_siliquastri	1
Brugia_malayi	1
Buathra_laborator	2
Bubalus_bubalis	2
Bubalus_carabanensis	1
Bubo_bubo	1
Bufo_bufo	1
Bufo_gargarizans	1
Buglossoporus_quercinus	1
Bugula_neritina	1
Bugulina_stolonifera	1
Bulinus_truncatus	1
Buteo_japonicus	1
Cabera_pusaria	1
Caenorhabditis_elegans	1
Cairina_moschata	1
Cairina_moschata_domestica	1
Cajanus_cajan	1
Calamotropha_paludella	2
Calendula_officinalis	1
Calidris_pugnax	1
Callimorpha_dominula	1
Calliopum_simillimum	1
Calliphora_vicina	1
Calliphora_vomitoria	4
Callithrix_jacchus	1
Callorhinus_ursinus	1
Calypte_anna	1
Camarhynchus_parvulus	1
Camelus_ferus	1
Campaea_margaritaria	2
Camponotus_floridanus	1
Camptogramma_bilineatum	1
Cancer_borealis	1
Candelabrum_cocksii	1
Candidula_unifasciata	1
Canis_lupus	1
Canis_lupus_familiaris	8
Cantharis_flavilabris	2
Cantharis_lateralis	1
Cantharis_nigra	1
Cantharis_rufa	1
Cantharis_rustica	2
Capra_hircus	4
Capreolus_capreolus	1
Capreolus_pygargus	1
Capsaspora_owczarzaki_ATCC_30864	1
Carabus_problematicus	1
Caradrina_clavipalpis	2
Caradrina_kadenii	1
Carassius_auratus_red_var	1
Carassius_carassius	1
Carassius_gibelio	1
Carcharodon_carcharias	1
Carcina_quercana	3
Cardamine_flexuosa	1
Caretta_caretta	1
Cariama_cristata	1
Carlito_syrichta	1
Carpatolechia_fugitivella	2
Carposina_sasakii	1
Carterocephalus_palaemon	2
Cataclysta_lemnata	1
Cataglyphis_hispanica	1
Catalaphyllia_jardinei	1
Catharus_ustulatus	1
Catocala_fraxini	2
Catocala_nupta	1
Catocala_sponsa	1
Catoptria_pinella	1
Catostylus_mosaicus	1
Cavia_porcellus	1
Cavia_tschudii	1
Celastrina_argiolus	3
Centropristis_striata	1
Centruroides_sculpturatus	1
Cepaea_hortensis	1
Cepaea_nemoralis	2
Cephus_spinipes	1
Ceramica_pisi	1
Cerastis_leucographa	1
Cerastis_rubricosa	2
Cerastoderma_edule	2
Ceratitis_capitata	1
Ceratotherium_simum_cottoni	1
Ceratotherium_simum_simum	1
Ceratothoa_steindachneri	1
Cerceris_ruficornis	1
Cerceris_rybyensis	2
Cervus_elaphus	1
Cervus_hanglu_yarkandensis	1
Cetonia_aurata	1
Ceutorhynchus_assimilis	1
Chaenocephalus_aceratus	1
Chalcosyrphus_nemorum	2
Chamaenerion_angustifolium	1
Channa_argus	1
Channa_maculata	1
Channa_striata	2
Channallabes_apus	1
Chanodichthys_erythropterus	1
Charanyca_ferruginea	1
Cheilinus_undulatus	1
Cheilosia_grossa	1
Cheilosia_impressa	1
Cheilosia_soror	4
Cheilosia_urbana	1
Cheilosia_variabilis	2
Cheilosia_vernalis	2
Cheilosia_vulpina	2
Cheirogaleus_medius	1
Cheirolophus_tagananensis	1
Chelmon_rostratus	1
Chelon_labrosus	1
Chelonia_mydas	1
Chelonus_insularis	1
Chelydra_serpentina	1
Chenopodium_album	1
Chenopodium_quinoa	1
Cherax_quadricarinatus	1
Chesias_legatella	1
Cheumatopsyche_charites	1
Chilo_suppressalis	1
Chinchilla_lanigera	1
Chironomus_riparius	1
Chironomus_tentans	1
Chiroxiphia_lanceolata	1
Chlamydomonas_reinhardtii	1
Chloroclysta_siterata	2
Chlorophyllum_brunneum	1
Choloepus_didactylus	1
Chondrilla_caribensis	1
Chondrosia_reniformis	1
Choreutis_nemorana	1
Chorisops_tibialis	1
Chroicocephalus_ridibundus	2
Chrysaora_quinquecirrha	1
Chrysemys_picta	1
Chrysemys_picta_bellii	2
Chrysodeixis_includens	1
Chrysolina_haemoptera	1
Chrysolina_oricalcia	2
Chrysolophus_pictus	1
Chrysomallon_squamiferum	1
Chrysoperla_carnea	1
Chrysopilus_asiliformis	1
Chrysops_caecutiens	1
Chrysoteuchia_culmella	2
Chrysotoxum_bicinctum	2
Chrysotoxum_festivum	1
Chymomyza_fuscimana	1
Cicadella_viridis	1
Ciconia_boyciana	1
Cimex_lectularius	1
Ciona_intestinalis	1
Cistogaster_globosa	2
Cladopsammia_gracilis	1
Clarias_fuscus	1
Clarias_gariepinus	2
Climacium_dendroides	1
Cliona_orientalis	1
Clistopyga_incitator	2
Clivina_fossor	1
Cloeon_dipterum	1
Clonorchis_sinensis	1
Clostera_curtula	3
Clupea_harengus	2
Clusia_tigrina	1
Clytia_hemisphaerica	1
Cnaphalocrocis_medinalis	1
Coccinella_septempunctata	2
Coenonympha_glycerion	1
Coffea_canephora	1
Coilia_nasus	1
Coleophora_deauratella	1
Colias_croceus	2
Colius_striatus	1
Colletes_gigas	1
Collichthys_lucidus	1
Cololabis_saira	1
Colostygia_pectinataria	2
Comarum_palustre	1
Conger_conger	1
Congeria_kusceri	1
Conistra_vaccinii	2
Conops_quadrifasciatus	1
Conus_canariensis	1
Copidosoma_floridanum	1
Coprinellus_micaceus	1
Corbicula_japonica	1
Cordyceps_fumosorosea	1
Coregonus_clupeaformis	2
Coregonus_ussuriensis	1
Coremacera_marginata	2
Cornu_aspersum	1
Corticium_candelabrum	1
Corvus_cornix_cornix	1
Corvus_moneduloides	2
Corythoichthys_intestinalis	1
Cosmia_pyralina	2
Cosmia_trapezina	3
Cotesia_glomerata	1
Cottoperca_gobio	1
Crambe_crambe	1
Crambus_lathoniellus	2
Craniophora_ligustri	2
Cranoglanis_bouderius	1
Crassostrea_angulata	1
Crassostrea_ariakensis	1
Crassostrea_gasar	1
Crassostrea_gigas	1
Crassostrea_rhizophorae	1
Crassostrea_virginica	1
Crataerina_pallida	1
Crepidodera_aurea	3
Cricetulus_griseus	3
Cricetus_cricetus	1
Crioceris_asparagi	1
Criorhina_berberina	3
Criorhina_ranunculi	1
Crocallis_elinguaria	2
Crocodylus_porosus	1
Crocuta_crocuta	1
Cromileptes_altivelis	1
Crossaster_papposus	1
Cryptocephalus_moraei	1
Cryptocephalus_primarius	1
Cryptosula_pallasiana	1
Cryptotermes_secundus	1
Cryptus_armator	1
Cryptus_viduatorius	1
Ctenicera_cuprea	1
Ctenocephalides_felis	1
Cuculus_canorus	1
Cucumis_sativus	1
Culex_laticinctus	1
Culex_modestus	1
Culex_pipiens_pallens	1
Culex_quinquefasciatus	1
Culter_alburnus	1
Cyaniris_semiargus	2
Cybosia_mesomella	2
Cyclina_sinensis	1
Cyclophora_albipunctata	1
Cyclophora_punctaria	1
Cyclopterus_lumpus	2
Cydalima_perspectalis	1
Cydia_amplana	1
Cydia_fagiglandana	1
Cydia_splendana	3
Cydia_strobilella	2
Cygnus_atratus	2
Cygnus_olor	1
Cylas_formicarius	1
Cynocephalus_volans	1
Cyprinodon_diabolis	1
Cyprinus_carpio	1
Cyprinus_carpio_carpio	1
Cyrtodaria_siliqua	1
Daktulosphaira_vitifoliae	1
Danaus_plexippus	1
Danaus_plexippus_plexippus	1
Danio_aesculapii	1
Danio_rerio	1
Daphnia_carinata	1
Daphnia_magna	1
Daphnia_pulex	2
Daphnia_pulicaria	1
Dascillus_cervinus	1
Dasypus_novemcinctus	1
Dasysyrphus_albostriatus	2
Dasysyrphus_tricinctus	1
Daubentonia_madagascariensis	1
Daucus_carota_subsp_sativus	1
Deilephila_elpenor	2
Deilephila_porcellus	2
Delphinapterus_leucas	3
Delphinus_delphis	1
Dendarus_foraminosus	1
Dendroctonus_ponderosae	2
Dendrolimus_kikuchii	1
Dendrolimus_pini	1
Dendrolimus_punctatus	1
Dendronephthya_gigantea	1
Dendrophyllia_cribrosa	1
Denticeps_clupeoides	2
Dermacentor_andersoni	1
Dermacentor_silvarum	2
Dermatophagoides_pteronyssinus	1
Dermochelys_coriacea	1
Desmodus_rotundus	1
Diabrotica_balteata	1
Diabrotica_virgifera_virgifera	2
Diacarnus_erythraeanus	1
Diachrysia_chrysitis	2
Diadumene_lineata	1
Diaperis_boleti	1
Diaphora_mendica	2
Diaphorina_citri	1
Diarsia_brunnea	2
Diarsia_dahlii	2
Diarsia_mendica	2
Diarsia_rubi	2
Diatraea_saccharalis	1
Dicentrarchus_labrax	1
Dichetophora_obliterata	1
Dictyostelium_discoideum_AX4	1
Dicycla_oo	1
Dicyrtomina_minuta	1
Digitaria_exilis	1
Diloba_caeruleocephala	1
Dilophus_febrilis	1
Dimorphilus_gyrociliatus	1
Dioctria_linearis	1
Dioctria_rufipes	1
Diorhabda_carinulata	1
Diorhabda_sublineata	1
Dioscorea_cayenensis_subsp_rotundata	1
Diplodus_puntazzo	1
Dipodomys_ordii	1
Discoglossus_pictus	1
Diuraphis_noxia	1
Diurnea_fagella	1
Dolichopus_griseipennis	1
Dolichovespula_media	2
Dolichovespula_saxonica	1
Dolichovespula_sylvestris	2
Dorcus_parallelipipedus	1
Doryrhamphus_excisus	1
Doryteuthis_pealeii	1
Draba_incana	1
Dreissena_polymorpha	1
Drepana_falcataria	2
Drepanosiphum_platanoidis	2
Dromaius_novaehollandiae	2
Dromius_quadrimaculatus	1
Drosophila_albomicans	1
Drosophila_ananassae	1
Drosophila_arizonae	1
Drosophila_biarmipes	1
Drosophila_bipectinata	1
Drosophila_busckii	1
Drosophila_elegans	1
Drosophila_erecta	1
Drosophila_eugracilis	1
Drosophila_ficusphila	1
Drosophila_grimshawi	1
Drosophila_guanche	1
Drosophila_gunungcola	1
Drosophila_histrio	1
Drosophila_hydei	1
Drosophila_innubila	1
Drosophila_kikkawai	1
Drosophila_mauritiana	1
Drosophila_melanogaster	1
Drosophila_miranda	1
Drosophila_mojavensis	1
Drosophila_nasuta	1
Drosophila_navojoa	1
Drosophila_obscura	2
Drosophila_persimilis	1
Drosophila_phalerata	2
Drosophila_pseudoobscura	1
Drosophila_rhopaloa	1
Drosophila_santomea	1
Drosophila_sechellia	1
Drosophila_simulans	1
Drosophila_subobscura	1
Drosophila_subpulchrella	1
Drosophila_suzukii	1
Drosophila_takahashii	1
Drosophila_teissieri	1
Drosophila_virilis	1
Drosophila_willistoni	1
Drosophila_yakuba	1
Dryas_iulia_moderata	1
Drymonia_ruficornis	1
Dryobates_pubescens	1
Dryobota_labecula	1
Dryobotodes_eremita	2
Dufourea_novaeangliae	1
Dunaliella_primolecta	1
Dunckerocampus_dactyliophorus	1
Dysidea_avara	2
Dyspetes_luteomarginatus	1
Ecdyonurus_torrentis	1
Echeneis_naucrates	1
Echinococcus_granulosus	1
Echinococcus_multilocularis	1
Ecliptopera_silaceata	2
Ectemnius_cavifrons	1
Ectemnius_continuus	2
Ectemnius_lituratus	2
Ectropis_crepuscularia	1
Ectropis_grisescens	1
Eilema_caniola	1
Eilema_depressum	2
Eilema_griseolum	1
Eilema_sororculum	2
Electrophaes_corylata	2
Electrophorus_electricus	3
Eledona_agricola	1
Eledone_cirrhosa	1
Elegia_similella	1
Eleginops_maclovinus	1
Elephas_maximus_indicus	1
Ellobium_chinense	1
Elmis_aenea	1
Elophila_nymphaeata	1
Elopichthys_bambusa	1
Elysia_chlorotica	1
Elysia_crispata	2
Elysia_marginata	1
Emiliania_huxleyi_CCMP1516	1
Emmelina_monodactyla	3
Empis_livida	1
Empis_stercorea	1
Emys_blandingii	1
Endomychus_coccineus	1
Endotricha_flammealis	2
Engraulis_encrasicolus	1
Enhydra_lutris_kenyoni	1
Ennomos_erosarius	1
Ennomos_fuscantarius	4
Ennomos_quercinarius	3
Entelurus_aequoreus	1
Entomortierella_parvispora	1
Eospalax_fontanierii	1
Ephestia_elutella	1
Epicampocera_succincta	2
Epinephelus_fuscoguttatus	1
Epinephelus_lanceolatus	1
Epinephelus_moara	1
Epinotia_bilunana	1
Epinotia_brunnichana	1
Epinotia_demarniana	1
Epinotia_nisella	2
Epinotia_ramella	1
Epirrhoe_alternata	1
Epirrhoe_tristata	2
Epirrita_christyi	1
Epistrophe_grossulariae	2
Episyrphus_balteatus	2
Eptatretus_burgeri	1
Eptesicus_fuscus	1
Equus_asinus	1
Equus_caballus	3
Eragrostis_tef	1
Erannis_defoliaria	3
Erebia_aethiops	4
Erebia_epiphron	1
Erebia_ligea	2
Erebia_palarica	1
Eremobia_ochroleuca	1
Erinaceus_europaeus	1
Eriocheir_sinensis	1
Eristalinus_sepulchralis	2
Eristalis_arbustorum	2
Eristalis_intricaria	1
Eristalis_pertinax	2
Eristalis_tenax	3
Erithacus_rubecula	1
Erpetoichthys_calabaricus	1
Erpobdella_octoculata	1
Erynnis_tages	2
Erysiphe_necator	1
Eschrichtius_robustus	1
Esox_lucius	2
Esperia_sulphurella	1
Eubalaena_glacialis	1
Eucalyptus_grandis	1
Euclidia_mi	4
Eudemis_profundana	2
Eudonia_lacustrata	2
Eudonia_mercurella	1
Eudyptes_chrysocome	1
Eudyptes_filholi	1
Eudyptes_moseleyi	1
Eudyptes_pachyrhynchus	1
Eudyptes_robustus	1
Eudyptes_sclateri	1
Eueides_isabella	1
Eufriesea_mexicana	1
Eugnorisma_glareosa	2
Eulithis_prunata	2
Eulithis_testata	1
Eumetopias_jubatus	2
Eunapius_fragilis	1
Euonymus_europaeus	1
Eupeodes_corollae	2
Eupeodes_latifasciatus	2
Eupeodes_luniger	2
Euphorbia_lathyris	1
Eupithecia_abbreviata	2
Eupithecia_centaureata	2
Eupithecia_dodoneata	1
Eupithecia_exiguata	2
Eupithecia_insigniata	1
Eupithecia_inturbata	1
Eupithecia_phoeniceata	1
Eupithecia_pulchellata	1
Eupithecia_subfuscata	1
Eupithecia_subumbrata	1
Eupithecia_tripunctaria	1
Eupithecia_vulgata	1
Euplexia_lucipara	2
Euproctis_similis	2
Eupsilia_transversa	2
Eurois_occulta	1
Eurytemora_affinis	1
Euschistus_heros	1
Euspilapteryx_auroguttella	1
Eustalomyia_histrio	2
Eutolmus_rufibarbis	1
Euzophera_pinguis	1
Exaiptasia_diaphana	2
Exephanes_ischioxanthus	1
Fabriciana_adippe	2
Falcaria_lacertinaria	1
Falco_cherrug	1
Falco_peregrinus	2
Falco_punctatus	1
Falco_tinnunculus	1
Felis_catus	3
Felis_catus_x_Leopardis_geoffroyi	1
Felis_catus_x_Prionailurus_bengalensis	1
Ferdinandea_cuprea	1
Ficedula_albicollis	1
Fissipunctia_ypsillon	1
Folsomia_candida	1
Folsomia_candida_str_VU_population	1
Formica_aserva	1
Fragum_fragum	1
Fragum_sueziense	1
Fragum_whitleyi	1
Frankliniella_occidentalis	1
Fundulus_heteroclitus	1
Furcula_furcula	2
Gadus_morhua	2
Galaxea_fascicularis	1
Galendromus_occidentalis	1
Galeopsis_tetrahit	1
Galeruca_laticollis	1
Galerucella_nymphaeae	1
Galleria_mellonella	2
Gallus_gallus	5
Gambusia_affinis	1
Gandaritis_pyraliata	2
Ganoderma_resinaceum	1
Gari_tellinella	1
Gasterosteus_aculeatus	3
Gasterosteus_aculeatus_aculeatus	1
Gasterosteus_nipponicus	1
Gasteruption_jaculator	1
Gavia_stellata	1
Gekko_gecko	1
Geothlypis_trichas	1
Geotrupes_spiniger	1
Geranium_rotundifolium	1
Germaria_angustata	1
Gerris_lacustris	1
Geum_urbanum	1
Giardia_lamblia	1
Gibbula_magus	2
Gigantidas_platifrons	1
Gigantopelta_aegis	2
Girardinichthys_multiradiatus	1
Glaucopsyche_alexis	2
Globia_sparganii	1
Globicephala_melas	2
Glossina_fuscipes	1
Glycine_max	1
Glyphotaelius_pellucidus	1
Glyptemys_insculpta	1
Gobiocypris_rarus	1
Gonocerus_acuteangulatus	1
Gopherus_evgoodei	1
Gorilla_gorilla_gorilla	1
Gorsachius_magnificus	1
Gouania_willdenowi	1
Graellsia_isabellae	1
Grapholita_molesta	1
Griposia_aprilina	2
Grus_americana	1
Gymnocheta_viridis	1
Gymnocypris_eckloni_scoliostomus	1
Gymnodraco_acuticeps	1
Gymnoscelis_rufifasciata	1
Gymnosoma_rotundatum	4
Habropoda_laboriosa	1
Habrosyne_pyritoides	2
Haemaphysalis_longicornis	1
Haemonchus_contortus	1
Haemorhous_mexicanus	1
Haliaeetus_albicilla	1
Halichondria_panicea	1
Haliclystus_octoradiatus	1
Haliotis_asinina	1
Haliotis_laevigata	1
Haliotis_rubra	1
Haliotis_rufescens	2
Halisarca_caerulea	1
Halyomorpha_halys	1
Halyzia_sedecimguttata	3
Hapalochlaena_maculosa	1
Harmonia_axyridis	1
Harpagifer_antarcticus	1
Harpalus_rubripes	1
Harpalus_rufipes	2
Harpegnathos_saltator	1
Hecatera_dysodea	2
Hedera_helix	1
Hedya_pruniana	1
Hedya_salicella	3
Helianthus_annuus	1
Heliconius_sara	1
Helicoverpa_armigera	1
Helicoverpa_zea	2
Heliopora_coerulea	1
Heliothis_peltigera	1
Helobdella_robusta	1
Hemaris_fuciformis	2
Hemibagrus_wyckioides	1
Hemicrepidius_niger	1
Hemiscyllium_ocellatum	1
Hemistola_chrysoprasaria	1
Hemithea_aestivaria	2
Hermaeophaga_mercurialis	1
Hermetia_illucens	1
Herminia_tarsipennalis	2
Hesperia_comma	2
Hestina_assimilis	1
Heterocephalus_glaber	2
Heteromyza_rotundicornis	2
Heteronetta_atricapilla	1
Hipparchia_semele	3
Hippasteria_phrygiana	1
Hippocampus_abdominalis	1
Hippocampus_zosterae	1
Hippoglossus_hippoglossus	1
Hippoglossus_stenolepis	1
Hippopotamus_amphibius	1
Hippopus_hippopus	1
Hipposideros_armiger	1
Hipposideros_galeritus	1
Hirtodrosophila_cameraria	2
Hirundo_rustica	2
Hofmannophila_pseudospretella	1
Hofstenia_miamia	1
Homalodisca_vitripennis	1
Homarus_americanus	1
Homarus_gammarus	1
Homo_sapiens	175
Hoplodrina_ambigua	1
Hoplodrina_blanda	1
Hordeum_vulgare_subsp_vulgare	2
Humulus_lupulus	1
Hyalella_azteca	1
Hyalomma_asiaticum	1
Hybos_culiciformis	1
Hydra_viridissima	1
Hydra_vulgaris	2
Hydractinia_echinata	1
Hydractinia_symbiolongicarpus	1
Hydraecia_micacea	2
Hydriomena_furcata	2
Hydrochoerus_hydrochaeris	2
Hydropsyche_tenuis	1
Hydrotaea_cyrtoneurina	1
Hyla_sarda	1
Hylaea_fasciaria	2
Hylaeus_anthracinus	1
Hylaeus_volcanicus	1
Hyles_euphorbiae	2
Hyles_vespertilio	1
Hylobates_moloch	2
Hylobates_pileatus	1
Hymenolepis_microstoma	1
Hypanus_sabinus	1
Hypena_proboscidalis	2
Hypercompe_scribonia	2
Hyperoplus_immaculatus	1
Hyperoplus_lanceolatus	1
Hypomecis_atomaria	1
Hypomecis_punctinalis	2
Hypomesus_transpacificus	1
Hypophthalmichthys_molitrix	1
Hypophthalmichthys_nobilis	1
Hyppa_rectilinea	1
Hypsibius_exemplaris	1
Hypsopygia_costalis	4
Ianthella_basta	1
Ichneumon_xanthorius	2
Ictalurus_furcatus	1
Ictalurus_punctatus	3
Ictidomys_tridecemlineatus	1
Idaea_aversata	2
Idaea_biselata	1
Idaea_dimidiata	2
Idaea_straminata	1
Ilex_aquifolium	1
Impatiens_glandulifera	1
Inachis_io	2
Incurvaria_masculella	1
Inga_laurina	1
Inga_leiocalycina	1
Inga_oerstediana	1
Iphiclides_podalirius	1
Ipomoea_triloba	1
Ischnura_elegans	1
Ischnus_inquisitorius	1
Itoplectis_maculator	1
Ixodes_persulcatus	1
Ixodes_scapularis	1
Jaculus_jaculus	2
Junco_hyemalis	1
Juncus_effusus	1
Kryptolebias_hermaphroditus	1
Kryptolebias_marmoratus	1
Labeo_catla	1
Labeo_rohita	1
Labia_minor	1
Labrus_bergylta	1
Labrus_mixtus	1
Lacanobia_wlatinum	2
Lacerta_agilis	1
Lactarius_evosmus	1
Lactarius_tabidus	1
Laetiporus_sulphureus	1
Lagenorhynchus_albirostris	1
Lagenorhynchus_obliquidens	1
Lagopus_muta	1
Lagria_hirta	2
Lamellibrachia_columna	1
Lampris_incognitus	2
Lampropteryx_suffumata	2
Lanistes_nyassanus	1
Laodelphax_striatellus	1
Laothoe_populi	2
Lapara_coniferarum	2
Larimichthys_crocea	2
Larus_fuscus	1
Lasioglossum_calceatum	2
Lasioglossum_lativentre	1
Lasioglossum_morio	2
Lasioglossum_pauxillum	2
Lasioglossum_villosulum	1
Lasiommata_megera	2
Lasius_platythorax	1
Laspeyria_flexula	2
Lateolabrax_maculatus	2
Lates_calcarifer	1
Lathamus_discolor	1
Lathronympha_strigana	2
Latimeria_chalumnae	1
Leguminivora_glycinivorella	2
Leishmania_major	1
Leistus_spinibarbis	2
Lemur_catta	1
Lepeophtheirus_nordmannii	1
Lepeophtheirus_salmonis	1
Lepidium_didymum	1
Lepidochitona_cinerea	1
Lepisosteus_oculatus	1
Leptidea_sinapis	2
Leptinotarsa_decemlineata	1
Leptobrachium_leishanense	1
Leptoclinus_maculatus	1
Leptogaster_cylindrica	1
Leptosomus_discolor	2
Leptura_quadrifasciata	1
Lethocerus_indicus	1
Leucania_comma	1
Leucoma_salicis	1
Leucophora_obtusa	1
Leucoraja_erinacea	1
Leucoraja_ocellata	1
Leucozona_laternaria	3
Lichina_pygmaea	1
Ligdia_adustata	2
Ligustrum_vulgare	1
Limanda_limanda	1
Limenitis_camilla	2
Limnephilus_lunatus	1
Limnephilus_marmoratus	1
Limnephilus_rhombicus	1
Limnoperna_fortunei	2
Limulus_polyphemus	1
Linaria_vulgaris	1
Linepithema_humile	1
Lineus_longissimus	2
Lingula_anatina	1
Linnaemya_tessellans	1
Linnaemya_vulpina	1
Liolophura_japonica	1
Liopterus_haemorrhoidalis	1
Listrodromus_nycthemerus	1
Lithophane_leautieri	1
Lithophane_ornitopus	2
Lithophane_semibrunnea	1
Lithophane_socia	2
Lobophora_halterata	2
Lochmaea_capreae	2
Lochmaea_crataegi	1
Lolium_perenne	1
Lomographa_bimaculata	2
Lomographa_temerata	1
Lophiomys_imhausi	1
Lophius_americanus	1
Lordithon_lunulatus	1
Lottia_gigantea	1
Lottia_scabra	1
Loxodonta_africana	2
Lucilia_cuprina	1
Lucinella_divaricata	1
Luffia_ferchaultella	1
Lumbricus_rubellus	1
Lumbricus_terrestris	1
Lunularia_cruciata	1
Luperina_nickerlii	1
Luperina_testacea	2
Lutjanus_erythropterus	1
Lutra_lutra	1
Lutraria_lutraria	1
Lutraria_rhynchaena	1
Lutzomyia_longipalpis	1
Lycaena_phlaeas	3
Lycia_hirtaria	2
Lycophotia_porphyrea	2
Lycopodina_hypogea	1
Lymantria_dispar	1
Lymantria_monacha	2
Lymnaea_stagnalis	1
Lynx_canadensis	1
Lysandra_bellargus	2
Lysandra_coridon	2
Lytechinus_pictus	1
Lytechinus_variegatus	1
Macaca_fascicularis	3
Macaca_mulatta	1
Macaca_thibetana_thibetana	1
Macaria_brunneata	1
Macaria_liturata	1
Macaria_notata	2
Machimus_atricapillus	2
Machimus_rusticus	1
Macomangulus_tenuis	1
Macrophya_alboannulata	1
Macropis_europaea	2
Macrosteles_quadrilineatus	1
Mactromeris_polynyma	1
Magallana_angulata	1
Magallana_gigas	2
Magallana_hongkongensis	2
Magelona_johnstoni	1
Magnaporthe_oryzae_70_15	1
Malachius_bipustulatus	2
Malaya_genurostris	1
Malpolon_monspessulanus	1
Malthinus_flaveolus	1
Malurus_cyaneus_samueli	1
Malus_domestica	1
Malus_sylvestris	1
Mamestra_brassicae	1
Manduca_sexta	2
Manihot_esculenta	1
Maniola_hyperantus	1
Maniola_jurtina	2
Manis_javanica	1
Marasmarcha_lunaedactyla	2
Marasmia_exigua	1
Marchantia_polymorpha_str_Tak_1	1
Margaritifera_margaritifera	1
Marisa_cornuarietis	1
Marmota_flaviventris	1
Marmota_himalayana	1
Marmota_monax	2
Martes_flavigula	1
Martes_martes	1
Martes_zibellina	1
Mastacembelus_armatus	3
Mastigias_papua	1
Mastomys_coucha	1
Meandrina_meandrites	1
Mechanitis_messenoides	1
Mecyna_flavalis	1
Medicago_arabica	1
Medicago_lupulina	1
Medicago_truncatula	2
Megachile_leachella	1
Megachile_ligniseca	2
Megachile_rotundata	1
Megachile_willughbiella	1
Megaderma_lyra	1
Megalobrama_amblycephala	1
Megalops_atlanticus	1
Megalops_cyprinoides	1
Meganola_albula	2
Melanaphis_sacchari	1
Melanargia_galathea	2
Melanchra_persicariae	2
Melangyna_quadrimaculata	1
Melanophora_roralis	1
Melanostoma_mellinum	3
Melanostoma_scalare	2
Melanotaenia_boesemani	1
Melanotaenia_duboulayi	1
Melanotus_villosus	1
Meleagris_gallopavo	2
Meles_meles	1
Melieria_crassipennis	1
Melieria_omissa	1
Melinaea_marsaeus_rileyi	2
Melinaea_menophilus_n_ssp_AW_2005	2
Melinopterus_prodromus	1
Meliscaeva_auricollis	1
Melitaea_cinxia	3
Mellicta_athalia	3
Melolontha_melolontha	3
Melopsittacus_undulatus	1
Membranipora_membranacea	1
Mercenaria_mercenaria	3
Mercurialis_annua	1
Meriones_unguiculatus	2
Merodon_equestris	1
Merzomyia_westermanni	2
Mesocricetus_auratus	1
Mesoligia_furuncula	2
Mesoplodon_densirostris	1
Metellina_segmentata	1
Metopia_argyrocephala	1
Metridium_senile	1
Microcebus_murinus	1
Microchrysa_polita	1
Microctonus_aethiopoides	3
Microctonus_brassicae	1
Microctonus_hyperodae	1
Microdon_myrmicae	1
Micromesistius_poutassou	1
Micromussa_lordhowensis	1
Microplitis_demolitor	1
Microplitis_mediator	1
Micropterix_aruncella	2
Micropterus_dolomieu	1
Micropterus_salmoides	1
Miichthys_miiuy	1
Miltochrista_miniata	2
Mimachlamys_varia	2
Mimas_tiliae	2
Mimumesa_dahlbomi	1
Miniopterus_schreibersii	1
Mirounga_leonina	1
Misgurnus_anguillicaudatus	1
Misopates_orontium	1
Mizuhopecten_yessoensis	2
Mnemiopsis_leidyi	1
Mobula_hypostoma	1
Modiolus_philippinarum	1
Molothrus_aeneus	1
Molothrus_ater	2
Monodelphis_domestica	2
Monodon_monoceros	1
Monomorium_pharaonis	1
Monopis_laevigella	2
Monoplex_corrugatus	1
Montipora_cactus	1
Montipora_capitata	2
Montipora_efflorescens	1
Morus_bassanus	2
Moxostoma_hubbsi	1
Mucor_piriformis	1
Mugil_cephalus	1
Muricea_muricata	1
Mus_caroli	1
Mus_minutoides	4
Mus_musculus	26
Mus_musculus_castaneus	3
Mus_musculus_domesticus	2
Mus_musculus_molossinus	1
Mus_musculus_musculus	2
Mus_pahari	1
Mus_spretus	2
Musa_acuminata_subsp_malaccensis	1
Muscina_levida	1
Musotima_nitidalis	1
Mustela_erminea	1
Mustela_nigripes	1
Mustela_putorius	1
Mya_arenaria	2
Myathropa_florea	2
Myiopsitta_monachus	1
Myodes_glareolus	1
Myopa_tessellatipennis	2
Myopa_testacea	1
Myotis_myotis	1
Myripristis_murdjan	1
Myrrha_octodecimguttata	1
Mysia_undata	2
Mythimna_albipuncta	2
Mythimna_ferrago	4
Mythimna_impura	4
Mythimna_lalbum	1
Mythimna_pallens	1
Mythimna_separata	1
Mythimna_vitellina	1
Mytilus_californianus	2
Mytilus_coruscus	1
Mytilus_edulis	4
Mytilus_galloprovincialis	1
Myxocyprinus_asiaticus	1
Myzus_persicae	1
Naja_naja	1
Nannospalax_galili	1
Nasonia_vitripennis	1
Nasturtium_officinale	1
Nautilus_pompilius	1
Nebria_brevicollis	2
Nebria_salina	2
Nematopogon_swammerdamellus	1
Nemopilema_nomurai	1
Nemotelus_pantherinus	1
Neoarius_graeffei	1
Neoascia_interrupta	1
Neocrepidodera_transversa	1
Neodiprion_lecontei	2
Neodiprion_pinetum	1
Neodiprion_virginianus	1
Neogale_vison	1
Neoitamus_cyanurus	1
Neomonachus_schauinslandi	1
Nephrocerus_scutellatus	1
Nephrotoma_appendiculata	1
Nephrotoma_flavescens	2
Neria_commutata	1
Nerophis_lumbriciformis	1
Nerophis_ophidion	1
Nesoenas_mayeri	1
Netelia_melanura	1
Netelia_thomsonii	1
Netelia_virgata	1
Nettapus_auritus	1
Nezara_viridula	1
Nibea_albiflora	1
Nibea_coibor	1
Nicotiana_attenuata	1
Nicrophorus_investigator	1
Nilaparvata_lugens	1
Nineta_flava	1
Nipponacmea_schrenckii	1
Noctua_comes	1
Noctua_fimbriata	2
Noctua_janthe	2
Noctua_janthina	1
Noctua_pronuba	2
Nomada_fabriciana	2
Nomada_ferruginata	1
Nomada_flava	1
Nomada_fucata	1
Nomada_hirtipes	1
Nomada_lathburiana	1
Nomada_panzeri	1
Nomada_ruficornis	1
Nomascus_leucogenys	1
Notamacropus_eugenii	1
Nothobranchius_furzeri	1
Nothobranchius_kuhntae	1
Notocelia_uddmanniana	2
Notodonta_dromedarius	2
Notodonta_ziczac	2
Notolabrus_celidotus	1
Notothenia_rossii	1
Nowickia_ferox	2
Numenius_arquata	1
Numida_meleagris	1
Nycteola_revayana	3
Nycticebus_coucang	1
Nymphalis_polychloros	3
Nymphalis_urticae	3
Nymphula_nitidulata	1
Nysson_spinosus	3
Oasisia_sp_SBJ_2009	1
Ochlodes_sylvanus	3
Ochropacha_duplaris	1
Ochropleura_leucogaster	1
Ochropleura_plecta	2
Octopus_bimaculoides	2
Octopus_sinensis	2
Ocypus_olens	3
Odiellus_spinosus	1
Odocoileus_hemionus_hemionus	1
Odocoileus_virginianus_texanus	1
Odontesthes_bonariensis	1
Oegoconia_quadripuncta	1
Olea_europaea_subsp_europaea	1
Oligia_fasciuncula	1
Oligia_latruncula	2
Oligia_strigilis	1
Omphaloscelis_lunosa	2
Omphiscola_glabra	1
Onchidella_celtica	1
Onchocerca_volvulus	1
Oncorhynchus_gorbuscha	1
Oncorhynchus_keta	1
Oncorhynchus_kisutch	1
Oncorhynchus_mykiss	2
Oncorhynchus_nerka	2
Oncorhynchus_tshawytscha	1
Onthophagus_taurus	1
Onychomys_arenicola	2
Onychomys_leucogaster	2
Onychomys_torridus	2
Ooceraea_biroi	1
Operophtera_brumata	2
Ophion_ellenae	1
Ophion_obscuratus	1
Ophion_slaviceki	2
Ophonus_ardosiacus	2
Opisthocomus_hoazin	2
Opisthograptis_luteolata	4
Oppia_nitens	1
Opsariichthys_bidens	3
Orbicella_faveolata	1
Orchesella_cincta	1
Orcinus_orca	1
Oreochromis_aureus	1
Oreochromis_niloticus	1
Oreohelix_idahoensis	1
Orgyia_antiqua	2
Orius_laevigatus	1
Ormia_ochracea	1
Ornithorhynchus_anatinus	1
Orthonevra_nobilis	1
Orthosia_gothica	1
Orthosia_gracilis	2
Orthosia_incerta	2
Orussus_abietinus	1
Oryctolagus_cuniculus	1
Oryctolagus_cuniculus_cuniculus	1
Oryza_sativa_Indica_Group	9
Oryza_sativa_Japonica_Group	1
Oryza_sativa_aromatic_subgroup	1
Oryza_sativa_aus_subgroup	2
Oryza_sativa_indica_group	1
Oryza_sativa_tropical_japonica_subgroup	3
Oryzias_curvinotus	1
Oryzias_latipes	15
Oryzias_melastigma	1
Oscarella_lobularis	1
Osedax_fenrisi	1
Osmia_bicornis_bicornis	2
Ostrea_denselamellosa	1
Ostrea_edulis	3
Ostrinia_nubilalis	1
Otus_sunia	1
Ovis_aries	21
Owenia_fusiformis	1
Oxystoma_pomonae	1
Oxyura_jamaicensis	1
Pachyseris_speciosa	1
Pammene_aurita	1
Pammene_fasciana	2
Pampus_argenteus	1
Pan_paniscus	2
Pan_troglodytes	1
Pandemis_cinnamomeana	2
Pandemis_corylana	2
Pandemis_heparana	1
Pangasianodon_hypophthalmus	1
Panicum_hallii_str_FIL2	1
Panonychus_citri	1
Panorpa_germanica	1
Panthera_leo_x_Panthera_tigris	2
Pantherophis_gloydi	1
Pantherophis_guttatus	1
Panzeria_rudis	1
Papilio_machaon	3
Papio_anubis	1
Paracanthobrama_guichenoti	1
Paralichthys_olivaceus	1
Paramacrobiotus_metropolitanus	1
Parambassis_ranga	2
Paramecium_tetraurelia	1
Paramormyrops_kingsleyae	1
Parapoynx_stratiotata	2
Pararge_aegeria	2
Parascotia_fuliginaria	1
Parasteatoda_tepidariorum	1
Parietaria_judaica	1
Pasiphila_rectangulata	1
Passer_domesticus	1
Passerculus_sandwichensis	1
Patella_caerulea	1
Patella_depressa	1
Patella_pellucida	1
Patella_ulyssiponensis	1
Patella_vulgata	3
Patiria_miniata	1
Pecten_maximus	2
Pectinophora_gossypiella	2
Pediacus_dermestoides	1
Pedicia_rivosa	1
Pediculus_humanus_corporis	1
Pegoplata_infirma	1
Pelagia_noctiluca	1
Pemphredon_lugubris	1
Penaeus_chinensis	1
Penaeus_japonicus	1
Penaeus_monodon	1
Penaeus_vannamei	1
Perca_fluviatilis	1
Perccottus_glenii	1
Peribatodes_rhomboidaria	2
Periophthalmus_magnuspinnatus	2
Periphyllus_acericola	1
Perizoma_affinitatum	1
Perizoma_blandiatum	1
Perizoma_flavofasciatum	1
Perognathus_longimembris_pacificus	1
Peromyscus_eremicus	3
Peromyscus_leucopus	1
Peromyscus_maniculatus_bairdii	1
Peromyscus_polionotus_subgriseus	1
Petromyzon_marinus	1
Petrophora_chlorosata	1
Phacochoerus_africanus	2
Phaedon_cochleariae	1
Phalacrocorax_aristotelis	1
Phalera_bucephala	2
Phania_funesta	1
Phaseolus_vulgaris	1
Phasia_obesa	1
Pheosia_gnoma	2
Pheosia_tremula	2
Pherbina_coryleti	2
Philereme_transversata	1
Philereme_vetulata	3
Philonicus_albiceps	1
Philonthus_cognatus	3
Philonthus_spinipes	1
Philopedon_plagiatum	1
Philophylla_caesio	1
Phlebotomus_argentipes	1
Phlebotomus_papatasi	1
Phlebotomus_perniciosus	2
Phlogophora_meticulosa	3
Phoca_vitulina	1
Phocoena_phocoena	1
Phocoena_sinus	1
Phodopus_sungorus	1
Pholidichthys_leucotaenia	1
Pholis_gunnellus	1
Phorcus_lineatus	1
Phosphuga_atrata	2
Phoxinus_phoxinus	1
Phragmatobia_fuliginosa	2
Phragmites_australis	1
Phycodurus_eques	1
Phyllidia_flava	1
Phyllopteryx_taeniolatus	1
Phyllostomus_discolor	2
Phyllotreta_striolata	1
Phymatocera_aterrima	1
Phymorhynchus_buccinoides	1
Physcomitrium_patens	1
Physocephala_rufipes	1
Phyto_melanocephala	2
Phytophthora_infestans_T30_4	1
Pieris_brassicae	2
Pieris_napi	5
Pieris_rapae	2
Pillucina_vietnamica	1
Pilophorus_perplexus	1
Pimpla_rufipes	1
Pinctada_imbricata	1
Pinctada_margaritifera	1
Pinctada_radiata	1
Pipistrellus_kuhlii	1
Pipistrellus_pipistrellus	1
Pipistrellus_pygmaeus	1
Pipra_filicauda	1
Pistacia_vera	1
Pisum_sativum	1
Plagiodera_versicolora	1
Plakobranchus_ocellatus	1
Planococcus_citri	1
Plasmodium_falciparum_3D7	1
Plasmodium_ovale	2
Plasmodium_vivax	7
Platichthys_flesus	1
Platichthys_stellatus	1
Platycheirus_albimanus	3
Platycheirus_rosarum	1
Platycnemis_pennipes	1
Platypus_cylindrus	1
Plebejus_argus	4
Plectropomus_leopardus	3
Plemyria_rubiginata	1
Pleuronectes_platessa	1
Pleurotus_ostreatus	1
Plodia_interpunctella	1
Plotosus_lineatus	1
Plumapathes_pennacea	1
Plusia_festucae	2
Plutella_xylostella	2
Pocillopora_damicornis	1
Pocillopora_meandrina	1
Pocillopora_verrucosa	2
Pocota_personata	1
Podabrus_alpinus	2
Podarcis_cretensis	1
Podarcis_muralis	1
Podargus_strigoides	1
Poecile_atricapillus	1
Poecilia_formosa	2
Poecilia_picta	1
Poecilobothrus_nobilitatus	1
Poecilus_cupreus	1
Pogonomyrmex_barbatus	1
Polistes_canadensis	1
Polistes_dominula	1
Polistes_fuscatus	1
Pollenia_amentaria	2
Pollenia_angustigena	2
Pollenia_griseotomentosa	1
Pollenia_labialis	1
Pollicipes_pollicipes	1
Polydactylus_sextarius	1
Polydrusus_cervinus	2
Polydrusus_pterygomalis	1
Polydrusus_tereticollis	2
Polygonum_aviculare	1
Polymixis_flavicincta	1
Polymixis_lichenea	1
Polyodon_spathula	1
Polyommatus_icarus	2
Polyommatus_iphigenia	1
Polyploca_ridens	1
Polypterus_senegalus	1
Polytrichum_commune	1
Pomacea_canaliculata	4
Pomacea_maculata	1
Pomphorhynchus_laevis	1
Pongo_abelii	1
Populus_nigra	1
Populus_trichocarpa	1
Porites_australiensis	1
Porites_evermanni	1
Porites_lobata	1
Porites_lutea	2
Portevinia_maculata	1
Portunus_trituberculatus	1
Potamilus_streckersoni	1
Potentilla_anserina	1
Potentilla_sterilis	1
Priapulus_caudatus	1
Primula_veris	1
Primula_vulgaris	1
Priocnemis_perturbator	1
Pristis_pectinata	1
Procambarus_clarkii	1
Protocalliphora_azurea	2
Protodeltote_pygarga	4
Protophormia_terraenovae	2
Protula_sp_h_YS_2021	1
Prunus_avium	1
Psammomys_obesus	2
Pseudochaenichthys_georgianus	2
Pseudognaphalium_luteoalbum	1
Pseudoips_prasinana	1
Pseudoliparis_sp_Yap_Trench	1
Pseudoliparis_swirei	1
Pseudopipra_pipra	1
Pseudorasbora_parva	1
Psittacula_echo	1
Psococerastis_gibbosa	1
Psylliodes_chrysocephala	1
Pteropus_giganteus	1
Pterostichus_madidus	3
Pterostichus_niger	1
Ptilodon_capucinus	2
Ptychoptera_albimana	1
Ptychoptera_contaminata	1
Puccinia_graminis_f_sp_tritici_CRL_75_36_700_3	1
Puffinus_mauretanicus	1
Pulicaria_dysenterica	1
Pungitius_pungitius	1
Puntigrus_tetrazona	1
Pycnomerus_fuliginosus	1
Pygocentrus_nattereri	2
Pyrausta_nigrata	2
Pyrgus_malvae	3
Pyrochroa_serraticornis	2
Pyrus_communis	1
Quercus_cerris	1
Quercus_robur	1
Quercus_suber	1
Raja_brachyura	1
Ramariopsis_corniculata	1
Rana_temporaria	1
Rapana_venosa	1
Rattus_norvegicus	5
Rattus_rattus	1
Reinhardtius_hippoglossoides	1
Rhagium_mordax	1
Rhagoletis_pomonella	1
Rhagonycha_fulva	2
Rhagonycha_lutea	1
Rhamphomyia_laevipes	1
Rhaphigaster_nebulosa	1
Rhea_pennata	1
Rhimphoctona_megacephalus	1
Rhincodon_typus	1
Rhineura_floridana	1
Rhingia_campestris	2
Rhingia_rostrata	1
Rhinolophus_ferrumequinum	1
Rhinolophus_hipposideros	1
Rhipicephalus_microplus	1
Rhipicephalus_sanguineus	2
Rhizomys_pruinosus	1
Rhizosphaera_kalkhoffii	2
Rhodnius_prolixus	1
Rhodophaea_formosa	1
Rhogogaster_chlorosoma	2
Rhopalosiphum_maidis	1
Rhopilema_esculentum	1
Rhynochetos_jubatus	1
Ricordea_florida	1
Ripartites_tricholoma	1
Rissa_tridactyla	2
Rosa_rugosa	1
Rousettus_aegyptiacus	2
Ruditapes_philippinarum	1
Rupicapra_rupicapra	1
Rutilus_rutilus	1
Rutpela_maculata	3
Sabethes_cyaneus	2
Saccharomyces_cerevisiae_S288c	1
Saccharum_spontaneum	1
Saccoglossus_kowalevskii	1
Saccopteryx_bilineata	1
Saccopteryx_leptura	1
Saccostrea_cucullata	1
Saccostrea_echinata	1
Saccostrea_glomerata	1
Sacculina_carcini	1
Saimiri_boliviensis_boliviensis	1
Salarias_fasciatus	1
Salmo_salar	4
Salmo_trutta	1
Salpingoeca_rosetta_str_ATCC_50818	1
Salvelinus_fontinalis	1
Salvelinus_namaycush	1
Sander_lucioperca	2
Sander_vitreus	1
Sanderia_malayensis	1
Sapajus_apella	1
Sarcophaga_caerulescens	2
Sarcophaga_carnaria	1
Sarcophaga_rosellei	2
Sarcophaga_subvicina	4
Sarcophaga_variegata	1
Sarcophilus_harrisii	1
Sarcoptes_scabiei	1
Sardina_pilchardus	1
Saturnia_pavonia	1
Saxidomus_purpurata	1
Scaeva_pyrastri	2
Scatophagus_argus	1
Schistocerca_americana	1
Schistocerca_cancellata	1
Schistocerca_gregaria	1
Schistocerca_nitens	1
Schistocerca_piceifrons	1
Schistocerca_serialis_cubense	1
Schistosoma_haematobium	1
Schistosoma_mansoni	1
Schizosaccharomyces_pombe_972h	1
Schizosaccharomyces_pombe_972h_	1
Schizotus_pectinicornis	1
Schmidtea_mediterranea	2
Schrankia_costaestrigalis	2
Sciurus_carolinensis	1
Sciurus_vulgaris	2
Scleropages_formosus	2
Scomber_scombrus	1
Scophthalmus_maximus	2
Scortum_barcoo	1
Scotopteryx_bipunctaria	1
Scrobipalpa_costella	1
Scutellaria_minor	1
Scyliorhinus_canicula	1
Sebastes_schlegelii	1
Sebastes_umbrosus	1
Secale_cereale	1
Seladonia_tumulorum	1
Selenia_dentaria	2
Senecio_squalidus	1
Sepia_bandensis	1
Sepia_lycidas	1
Sepia_pharaonis	1
Sepiola_atlantica	1
Sepioteuthis_lessoniana	1
Serinus_canaria	1
Seriola_aureovittata	2
Serripes_groenlandicus	1
Sesia_apiformis	2
Sesia_bembeciformis	2
Setaria_italica	1
Shargacucullia_verbasci	1
Sherardia_arvensis	1
Sialis_fuliginosa	1
Sialis_lutaria	1
Sicus_ferrugineus	1
Siderastrea_radians	1
Sigmodon_hispidus	1
Silurus_aristotelis	1
Silurus_meridionalis	1
Silvanus_unidentatus	1
Simplicillium_lamellicola	1
Siniperca_chuatsi	1
Siniperca_scherzeri	1
Sinohyriopsis_cumingii	1
Sipha_flava	1
Siphlonurus_alternatus	1
Sisyra_nigra	1
Sisyra_terminalis	1
Sitophilus_oryzae	1
Solanum_dulcamara	1
Solanum_lycopersicum	1
Solanum_tuberosum	1
Solea_senegalensis	1
Solea_solea	1
Solenopsis_invicta	2
Sorex_araneus	1
Sorghum_bicolor	1
Sousa_chinensis	1
Sparus_aurata	2
Spergularia_marina	1
Sphaeramia_orbicularis	1
Sphaerophoria_rueppellii	1
Sphaerophoria_taeniata	2
Sphecodes_monilicornis	2
Sphenella_marginata	2
Sphenodon_punctatus	1
Sphenostylis_stenocarpa	1
Sphinx_pinastri	1
Spilarctia_lutea	2
Spilosoma_lubricipeda	2
Spilosoma_urticae	1
Spisula_solida	1
Spodoptera_exigua	2
Spodoptera_frugiperda	2
Spodoptera_littoralis	1
Spodoptera_litura	1
Spongilla_lacustris	1
Squalus_suckleyi	1
Stegodyphus_dumicola	1
Stegodyphus_mimosarum	1
Stelis_phaeoptera	2
Stenoptilia_bipunctidactyla	2
Stenus_bimaculatus	1
Sternotherus_odoratus	1
Sthenelais_limicola	1
Stictocephala_bisonia	1
Stictonetta_naevosa	1
Stigmatoteuthis_arcturi	1
Stomorhina_lunata	2
Stomoxys_calcitrans	1
Stratiomys_singularior	1
Streptopelia_turtur	1
Strigamia_acuminata	1
Strigamia_maritima	1
Strigops_habroptila	1
Strix_aluco	2
Strix_occidentalis_caurina	1
Strongyloides_ratti	1
Struthio_camelus_australis	1
Sturmia_bella	1
Stylophora_pistillata	2
Subacronicta_megacephala	1
Suillia_variegata	2
Suncus_etruscus	1
Sus_scrofa	19
Sus_scrofa_domesticus	2
Sylvia_atricapilla	1
Sylvia_borin	1
Sylvilagus_floridanus	1
Symphodus_melops	1
Synanthedon_andrenaeformis	3
Synanthedon_formicaeformis	2
Synanthedon_myopaeformis	2
Synanthedon_tipuliformis	1
Synanthedon_vespiformis	2
Synaphobranchus_kaupii	1
Syncerus_caffer	1
Synchiropus_splendidus	1
Syngnathoides_biaculeatus	1
Syngnathus_acus	1
Syngnathus_scovelli	1
Syngnathus_typhle	1
Syritta_pipiens	2
Syrphus_vitripennis	1
Tachina_fera	2
Tachina_grossa	2
Tachina_lurida	2
Tachinus_rufipes	1
Tachystola_acroxantha	1
Tachysurus_fulvidraco	1
Tachysurus_vachellii	1
Tadarida_brasiliensis	1
Taeniopygia_guttata	2
Takifugu_bimaculatus	1
Takifugu_flavidus	1
Takifugu_rubripes	1
Tamandua_tetradactyla	1
Tamias_sibiricus	1
Taphrorychus_bicolor	1
Taurulus_bubalis	1
Tausonia_pullulans	1
Teleiodes_luculella	1
Telmatactis_stephensoni	1
Telmatherina_bonti	1
Tenebrio_molitor	1
Tenthredo_amoena	1
Tenthredo_distinguenda	1
Tenthredo_livida	1
Tenthredo_mesomela	2
Tenthredo_notha	3
Tenthredo_scrophulariae	1
Tenualosa_ilisha	1
Tethea_ocularis	1
Tetheella_fluctuosa	1
Tetragnatha_montana	1
Tetranychus_urticae	1
Thalassophryne_amazonica	1
Thaleichthys_pacificus	1
Thalpophila_matura	2
Thamnaconus_septentrionalis	1
Thamnophis_elegans	1
Thecocarcelia_acutangulata	2
Thecophora_atra	2
Theobroma_cacao	1
Theonella_swinhoei	1
Thera_britannica	3
Thera_firmata	1
Thera_obeliscata	2
Thereva_nobilitata	1
Tholera_decimalis	3
Thomomys_bottae	1
Thrips_palmi	1
Thumatha_senex	1
Thunnus_albacares	1
Thunnus_maccoyii	1
Thunnus_orientalis	1
Thunnus_thynnus	1
Thyatira_batis	3
Thymallus_thymallus	2
Thymelicus_acteon	2
Thymelicus_lineola	1
Thymelicus_sylvestris	2
Tiliacea_aurago	1
Tiliacea_citrago	1
Timandra_comae	1
Tinea_pellionella	1
Tinea_semifulvella	2
Tinea_trinotella	2
Tiphia_femorata	2
Tipula_confusa	1
Tipula_helvola	1
Tipula_lateralis	1
Tipula_unca	1
Tipula_vernalis	1
Tivela_stultorum	1
Tolmerus_cingulatus	1
Topomyia_yanbarensis	1
Tortricodes_alternella	1
Toxonevra_muliebris	1
Toxorhynchites_rutilus_septentrionalis	1
Toxotes_chatareus	1
Toxotes_jaculatrix	1
Trachinotus_ovatus	2
Trachurus_trachurus	2
Trachypithecus_francoisi	2
Tragelaphus_strepsiceros	1
Trematomus_bernacchii	1
Trialeurodes_vaporariorum	1
Triatoma_dimidiata	2
Tribolium_castaneum	2
Tribolium_madens	1
Trichechus_manatus_latirostris	1
Trichogramma_pretiosum	1
Tricholauxania_praeusta	1
Trichoplax_adhaerens	1
Trichoplusia_ni	1
Trichuris_muris	1
Tridacna_crocea	1
Tridacna_derasa	1
Tridacna_gigas	1
Trifolium_dubium	1
Trifolium_fragiferum	1
Trifolium_subterraneum	1
Triglochin_maritima	1
Triplophysa_dalaica	1
Triplophysa_rosa	1
Triplophysa_siluroides	1
Triplophysa_tibetana	1
Trisateles_emortualis	2
Triticum_aestivum	19
Triticum_dicoccoides	1
Triticum_timopheevii	1
Triticum_turgidum_subsp_durum	1
Trogon_surrucura	1
Tropheus_moorii	1
Trypoxylon_attenuatum	1
Tuberolachnus_salignus	1
Tupaia_chinensis	1
Turritopsis_rubra	1
Tursiops_aduncus	1
Tursiops_truncatus	1
Tyria_jacobaeae	2
Tyto_alba_alba	1
Udea_ferrugalis	2
Uloborus_diversus	1
Umbilicus_rupestris	1
Unio_delphinus	1
Unio_pictorum	1
Uranotaenia_lowii	1
Urbanus_simplicius	1
Urophycis_tenuis	1
Ursus_arctos_horribilis	1
Urtica_urens	1
Vaccinium_vitis_idaea	1
Valencia_hispanica	1
Vanessa_atalanta	4
Vanessa_cardui	3
Vanessa_tameamea	1
Varroa_destructor	1
Varroa_jacobsoni	1
Venturia_canescens	1
Venusia_cambrica	1
Verasper_variegatus	3
Verbascum_thapsus	1
Verbena_officinalis	1
Vespa_crabro	2
Vespa_velutina	1
Vespertilio_murinus	1
Vespula_germanica	2
Vespula_vulgaris	2
Vicia_faba	1
Vicugna_pacos_huacaya	1
Vicugna_vicugna_mensalis	1
Vigna_angularis	1
Vigna_unguiculata	1
Villa_cingulata	1
Viola_odorata	1
Vipera_ursinii	1
Vitis_vinifera	2
Volucella_bombylans	2
Volucella_inanis	2
Volucella_inflata	2
Volvariella_surrecta	1
Vulpes_lagopus	1
Watersipora_subatra	1
Watsonalla_binaria	2
Watsonalla_cultraria	1
Wyeomyia_smithii	1
Xanthia_icteritia	2
Xanthia_togata	1
Xanthogramma_pedissequum	2
Xanthorhoe_designata	1
Xanthorhoe_montanata	1
Xanthorhoe_spadicearia	2
Xanthostigma_xanthostigma	1
Xenopus_laevis	1
Xenopus_tropicalis	1
Xestia_ashworthii	1
Xestia_rhomboidea	1
Xestia_sexstrigata	4
Xestia_xanthographa	6
Xestobium_rufovillosum	1
Xestospongia_bergquistia	1
Xestospongia_muta	1
Xiphias_gladius	1
Xiphophorus_birchmanni	1
Xylocampa_areola	2
Xylophagus_ater	1
Xylota_segnis	1
Xylota_sylvarum	2
Xyrauchen_texanus	1
Xyrichtys_novacula	1
Ylistrum_balloti	1
Yponomeuta_cagnagella	2
Yponomeuta_evonymella	1
Yponomeuta_padella	1
Yponomeuta_plumbellus	2
Yponomeuta_sedellus	1
Ypsolopha_scabrella	2
Ypsolopha_sequella	2
Zalophus_californianus	2
Zea_mays	1
Zelleria_hepariella	1
Zerene_cesonia	2
Zeugodacus_cucurbitae	1
Zeuzera_pyrina	2
Zonotrichia_leucophrys	1
Zootermopsis_nevadensis	1
Zootoca_vivipara	1
Zygaena_filipendulae	4
Zymoseptoria_tritici	1